pdb	Hchain	Lchain	model	antigen_chain	antigen_type	antigen_het_name	antigen_name	short_header	date	compound	organism	heavy_species	light_species	antigen_species	authors	resolution	method	r_free	r_factor	scfv	engineered	heavy_subclass	light_subclass	light_ctype	affinity	delta_g	affinity_method	temperature	pmid
7e3k	F	G	0	B	protein	NA	spike glycoprotein	VIRAL PROTEIN	09/15/21	Ultrapotent SARS-CoV-2 neutralizing antibodies with protective efficacy against newly emerged mutational variants	SEVERE ACUTE RESPIRATORY SYNDROME CORONAVIRUS 2; HOMO SAPIENS	homo sapiens	homo sapiens	severe acute respiratory syndrome coronavirus2 	Guo, H., Li, T., Liu, F., Gao, Y., Ji, X., Yang, H.	3.9	ELECTRON MICROSCOPY	NA	NA	False	True	IGHV1	IGKV3	Kappa	None	None	None	None	None
7e3k	H	L	0	C	protein	NA	spike glycoprotein	VIRAL PROTEIN	09/15/21	Ultrapotent SARS-CoV-2 neutralizing antibodies with protective efficacy against newly emerged mutational variants	SEVERE ACUTE RESPIRATORY SYNDROME CORONAVIRUS 2; HOMO SAPIENS	homo sapiens	homo sapiens	severe acute respiratory syndrome coronavirus2 	Guo, H., Li, T., Liu, F., Gao, Y., Ji, X., Yang, H.	3.9	ELECTRON MICROSCOPY	NA	NA	False	True	IGHV1	IGKV3	Kappa	None	None	None	None	None
7e3k	D	E	0	A	protein	NA	spike glycoprotein	VIRAL PROTEIN	09/15/21	Ultrapotent SARS-CoV-2 neutralizing antibodies with protective efficacy against newly emerged mutational variants	SEVERE ACUTE RESPIRATORY SYNDROME CORONAVIRUS 2; HOMO SAPIENS	homo sapiens	homo sapiens	severe acute respiratory syndrome coronavirus2 	Guo, H., Li, T., Liu, F., Gao, Y., Ji, X., Yang, H.	3.9	ELECTRON MICROSCOPY	NA	NA	False	True	IGHV1	IGKV3	Kappa	None	None	None	None	None
6v8z	O	R	0	M	protein	NA	envelope glycoprotein gp120	VIRAL PROTEIN/IMMUNE SYSTEM	12/12/19	VRC03 and 10-1074 Bound BG505 F14 HIV-1 SOSIP Envelope Trimer Structure	HUMAN IMMUNODEFICIENCY VIRUS 1; HOMO SAPIENS	homo sapiens	homo sapiens	human immunodeficiency virus 1	Henderson, R., Acharya, P.	2.9	ELECTRON MICROSCOPY	NA	NA	False	True	unknown	IGKV3	Kappa	None	None	None	None	None
6v8z	C	F	0	A	protein	NA	envelope glycoprotein gp120	VIRAL PROTEIN/IMMUNE SYSTEM	12/12/19	VRC03 and 10-1074 Bound BG505 F14 HIV-1 SOSIP Envelope Trimer Structure	HUMAN IMMUNODEFICIENCY VIRUS 1; HOMO SAPIENS	homo sapiens	homo sapiens	human immunodeficiency virus 1	Henderson, R., Acharya, P.	2.9	ELECTRON MICROSCOPY	NA	NA	False	True	unknown	IGKV3	Kappa	None	None	None	None	None
6v8z	D	E	0	A	protein	NA	envelope glycoprotein gp120	VIRAL PROTEIN/IMMUNE SYSTEM	12/12/19	VRC03 and 10-1074 Bound BG505 F14 HIV-1 SOSIP Envelope Trimer Structure	HUMAN IMMUNODEFICIENCY VIRUS 1; HOMO SAPIENS	homo sapiens	homo sapiens	human immunodeficiency virus 1	Henderson, R., Acharya, P.	2.9	ELECTRON MICROSCOPY	NA	NA	False	True	IGHV4	unknown	unknown	None	None	None	None	None
6v8z	P	Q	0	M	protein	NA	envelope glycoprotein gp120	VIRAL PROTEIN/IMMUNE SYSTEM	12/12/19	VRC03 and 10-1074 Bound BG505 F14 HIV-1 SOSIP Envelope Trimer Structure	HUMAN IMMUNODEFICIENCY VIRUS 1; HOMO SAPIENS	homo sapiens	homo sapiens	human immunodeficiency virus 1	Henderson, R., Acharya, P.	2.9	ELECTRON MICROSCOPY	NA	NA	False	True	IGHV4	unknown	unknown	None	None	None	None	None
6v8z	J	K	0	G	protein	NA	envelope glycoprotein gp120	VIRAL PROTEIN/IMMUNE SYSTEM	12/12/19	VRC03 and 10-1074 Bound BG505 F14 HIV-1 SOSIP Envelope Trimer Structure	HUMAN IMMUNODEFICIENCY VIRUS 1; HOMO SAPIENS	homo sapiens	homo sapiens	human immunodeficiency virus 1	Henderson, R., Acharya, P.	2.9	ELECTRON MICROSCOPY	NA	NA	False	True	IGHV4	unknown	unknown	None	None	None	None	None
6v8z	I	L	0	G	protein	NA	envelope glycoprotein gp120	VIRAL PROTEIN/IMMUNE SYSTEM	12/12/19	VRC03 and 10-1074 Bound BG505 F14 HIV-1 SOSIP Envelope Trimer Structure	HUMAN IMMUNODEFICIENCY VIRUS 1; HOMO SAPIENS	homo sapiens	homo sapiens	human immunodeficiency virus 1	Henderson, R., Acharya, P.	2.9	ELECTRON MICROSCOPY	NA	NA	False	True	unknown	IGKV3	Kappa	None	None	None	None	None
7cyh	E	D	0	A	protein	NA	spike glycoprotein	VIRAL PROTEIN	06/09/21	Binding interface of SARS-CoV-2 RBD and its neutralizing antibody HB27	SEVERE ACUTE RESPIRATORY SYNDROME CORONAVIRUS 2; HOMO SAPIENS	homo sapiens	homo sapiens	severe acute respiratory syndrome coronavirus2 	Wang, X., Zhu, L.	3.9	ELECTRON MICROSCOPY	NA	NA	False	True	IGHV5	IGKV3	Kappa	None	None	None	None	None
7mlz	H	L	0	A	protein	NA	spike protein s1	IMMUNE SYSTEM/VIRAL PROTEIN	07/28/21	Cryo-EM structure of SARS-CoV-2 spike in complex with neutralizing antibody B1-182.1 that targets the receptor-binding domain	SEVERE ACUTE RESPIRATORY SYNDROME CORONAVIRUS 2; HOMO SAPIENS	homo sapiens	homo sapiens	severe acute respiratory syndrome coronavirus2 	Zhou, T., Tsybovsky, T., Kwong, P.D.	3.71	ELECTRON MICROSCOPY	NA	NA	False	True	IGHV1	IGKV3	Kappa	None	None	None	None	None
6udj	H	I	0	J	protein	NA	envelope glycoprotein gp120	VIRAL PROTEIN/IMMUNE SYSTEM	09/19/19	HIV-1 bNAb 1-18 in complex with BG505 SOSIP.664 and 10-1074	HOMO SAPIENS; HUMAN IMMUNODEFICIENCY VIRUS 1	homo sapiens	homo sapiens	human immunodeficiency virus 1	Abernathy, M.E., Barnes, C.O., Gristick, H.B., Bjorkman, P.J.	2.5	ELECTRON MICROSCOPY	NA	NA	False	True	unknown	IGKV3	Kappa	None	None	None	None	None
6udj	A	R	0	P	protein	NA	envelope glycoprotein gp120	VIRAL PROTEIN/IMMUNE SYSTEM	09/19/19	HIV-1 bNAb 1-18 in complex with BG505 SOSIP.664 and 10-1074	HOMO SAPIENS; HUMAN IMMUNODEFICIENCY VIRUS 1	homo sapiens	homo sapiens	human immunodeficiency virus 1	Abernathy, M.E., Barnes, C.O., Gristick, H.B., Bjorkman, P.J.	2.5	ELECTRON MICROSCOPY	NA	NA	False	True	IGHV4	unknown	unknown	None	None	None	None	None
6udj	N	O	0	G	protein	NA	envelope glycoprotein gp120	VIRAL PROTEIN/IMMUNE SYSTEM	09/19/19	HIV-1 bNAb 1-18 in complex with BG505 SOSIP.664 and 10-1074	HOMO SAPIENS; HUMAN IMMUNODEFICIENCY VIRUS 1	homo sapiens	homo sapiens	human immunodeficiency virus 1	Abernathy, M.E., Barnes, C.O., Gristick, H.B., Bjorkman, P.J.	2.5	ELECTRON MICROSCOPY	NA	NA	False	True	unknown	IGKV3	Kappa	None	None	None	None	None
6udj	D	E	0	P	protein	NA	envelope glycoprotein gp120	VIRAL PROTEIN/IMMUNE SYSTEM	09/19/19	HIV-1 bNAb 1-18 in complex with BG505 SOSIP.664 and 10-1074	HOMO SAPIENS; HUMAN IMMUNODEFICIENCY VIRUS 1	homo sapiens	homo sapiens	human immunodeficiency virus 1	Abernathy, M.E., Barnes, C.O., Gristick, H.B., Bjorkman, P.J.	2.5	ELECTRON MICROSCOPY	NA	NA	False	True	unknown	IGKV3	Kappa	None	None	None	None	None
6udj	Q	B	0	G	protein	NA	envelope glycoprotein gp120	VIRAL PROTEIN/IMMUNE SYSTEM	09/19/19	HIV-1 bNAb 1-18 in complex with BG505 SOSIP.664 and 10-1074	HOMO SAPIENS; HUMAN IMMUNODEFICIENCY VIRUS 1	homo sapiens	homo sapiens	human immunodeficiency virus 1	Abernathy, M.E., Barnes, C.O., Gristick, H.B., Bjorkman, P.J.	2.5	ELECTRON MICROSCOPY	NA	NA	False	True	IGHV4	unknown	unknown	None	None	None	None	None
6udj	K	L	0	J	protein	NA	envelope glycoprotein gp120	VIRAL PROTEIN/IMMUNE SYSTEM	09/19/19	HIV-1 bNAb 1-18 in complex with BG505 SOSIP.664 and 10-1074	HOMO SAPIENS; HUMAN IMMUNODEFICIENCY VIRUS 1	homo sapiens	homo sapiens	human immunodeficiency virus 1	Abernathy, M.E., Barnes, C.O., Gristick, H.B., Bjorkman, P.J.	2.5	ELECTRON MICROSCOPY	NA	NA	False	True	IGHV4	unknown	unknown	None	None	None	None	None
7mn8	D	C	0	B	protein	NA	receptor tyrosine-protein kinase erbb-2,maltose/maltodextrin-binding periplasmic protein 	SIGNALING PROTEIN/IMMUNE SYSTEM	11/10/21	Structure of the HER2/HER3/NRG1b Heterodimer Extracellular Domain bound to Trastuzumab Fab	HOMO SAPIENS; ESCHERICHIA COLI (STRAIN K12)	homo sapiens	homo sapiens	homo sapiens, escherichia coli (strain k12)	Diwanji, D., Trenker, R., Verba, K.A., Jura, N.	3.45	ELECTRON MICROSCOPY	NA	NA	False	True	IGHV3	IGKV1	Kappa	None	None	None	None	None
7ly9	B	C	0	G	protein	NA	envelope glycoprotein gp120	VIRAL PROTEIN/IMMUNE SYSTEM	08/18/21	Cryo-EM structure of 2909 Fab in complex with 3BNC117 Fab and CAP256.wk34.c80 SOSIP.RnS2 N160K HIV-1 Env trimer	HOMO SAPIENS; HUMAN IMMUNODEFICIENCY VIRUS 1	homo sapiens	homo sapiens	human immunodeficiency virus 1	Gorman, J., Kwong, P.D.	3.91	ELECTRON MICROSCOPY	NA	NA	False	True	unknown	IGKV1	Kappa	None	None	None	None	None
7ly9	A	M	0	K	protein	NA	envelope glycoprotein gp120	VIRAL PROTEIN/IMMUNE SYSTEM	08/18/21	Cryo-EM structure of 2909 Fab in complex with 3BNC117 Fab and CAP256.wk34.c80 SOSIP.RnS2 N160K HIV-1 Env trimer	HOMO SAPIENS; HUMAN IMMUNODEFICIENCY VIRUS 1	homo sapiens	homo sapiens	human immunodeficiency virus 1	Gorman, J., Kwong, P.D.	3.91	ELECTRON MICROSCOPY	NA	NA	False	True	unknown	IGKV1	Kappa	None	None	None	None	None
7ly9	E	I	0	D	protein	NA	envelope glycoprotein gp120	VIRAL PROTEIN/IMMUNE SYSTEM	08/18/21	Cryo-EM structure of 2909 Fab in complex with 3BNC117 Fab and CAP256.wk34.c80 SOSIP.RnS2 N160K HIV-1 Env trimer	HOMO SAPIENS; HUMAN IMMUNODEFICIENCY VIRUS 1	homo sapiens	homo sapiens	human immunodeficiency virus 1	Gorman, J., Kwong, P.D.	3.91	ELECTRON MICROSCOPY	NA	NA	False	True	unknown	IGKV1	Kappa	None	None	None	None	None
7ly9	H	L	0	D	protein	NA	envelope glycoprotein gp120	VIRAL PROTEIN/IMMUNE SYSTEM	08/18/21	Cryo-EM structure of 2909 Fab in complex with 3BNC117 Fab and CAP256.wk34.c80 SOSIP.RnS2 N160K HIV-1 Env trimer	HOMO SAPIENS; HUMAN IMMUNODEFICIENCY VIRUS 1	homo sapiens	homo sapiens	human immunodeficiency virus 1	Gorman, J., Kwong, P.D.	3.91	ELECTRON MICROSCOPY	NA	NA	False	True	IGHV3	IGLV3	Lambda	None	None	None	None	None
6vja	H	L	0	C	protein	NA	b-lymphocyte antigen cd20	IMMUNE SYSTEM	01/15/20	Structure of CD20 in complex with rituximab Fab	HOMO SAPIENS	homo sapiens	homo sapiens	homo sapiens	Rohou, A., Croll, T.I.	3.3	ELECTRON MICROSCOPY	NA	NA	False	True	IGHV1	IGKV4	Kappa	None	None	None	None	None
6vja	I	M	0	D	protein	NA	b-lymphocyte antigen cd20	IMMUNE SYSTEM	01/15/20	Structure of CD20 in complex with rituximab Fab	HOMO SAPIENS	homo sapiens	homo sapiens	homo sapiens	Rohou, A., Croll, T.I.	3.3	ELECTRON MICROSCOPY	NA	NA	False	True	IGHV1	IGKV4	Kappa	None	None	None	None	None
6orn	A	B	0	G	protein	NA	rc1 variant of hiv-1 env glycoprotein gp120	VIRAL PROTEIN/Immune System	04/30/19	Modified BG505 SOSIP-based immunogen RC1 in complex with the elicited V3-glycan patch bNAb 10-1074	HUMAN IMMUNODEFICIENCY VIRUS 1; HOMO SAPIENS	homo sapiens	homo sapiens	human immunodeficiency virus 1	Abernathy, M.E., Gristick, H.B., Bjorkman, P.J.	4.05	ELECTRON MICROSCOPY	NA	NA	False	True	IGHV4	unknown	unknown	None	None	None	None	None
6orn	F	I	0	K	protein	NA	rc1 variant of hiv-1 env glycoprotein gp120	VIRAL PROTEIN/Immune System	04/30/19	Modified BG505 SOSIP-based immunogen RC1 in complex with the elicited V3-glycan patch bNAb 10-1074	HUMAN IMMUNODEFICIENCY VIRUS 1; HOMO SAPIENS	homo sapiens	homo sapiens	human immunodeficiency virus 1	Abernathy, M.E., Gristick, H.B., Bjorkman, P.J.	4.05	ELECTRON MICROSCOPY	NA	NA	False	True	IGHV4	unknown	unknown	None	None	None	None	None
6orn	O	P	0	R	protein	NA	rc1 variant of hiv-1 env glycoprotein gp120	VIRAL PROTEIN/Immune System	04/30/19	Modified BG505 SOSIP-based immunogen RC1 in complex with the elicited V3-glycan patch bNAb 10-1074	HUMAN IMMUNODEFICIENCY VIRUS 1; HOMO SAPIENS	homo sapiens	homo sapiens	human immunodeficiency virus 1	Abernathy, M.E., Gristick, H.B., Bjorkman, P.J.	4.05	ELECTRON MICROSCOPY	NA	NA	False	True	IGHV4	unknown	unknown	None	None	None	None	None
5kel	Q	U	0	I	protein	NA	ebola surface glycoprotein, gp2	VIRAL PROTEIN/IMMUNE SYSTEM	06/09/16	EBOV GP in complex with variable Fab domains of IgGs c2G4 and c13C6	ZAIRE EBOLAVIRUS; HOMO SAPIENS; ZAIRE EBOLAVIRUS (STRAIN MAYINGA-76)	homo sapiens	homo sapiens	zaire ebolavirus	Pallesen, J., Murin, C.D., de Val, N., Cottrell, C.A., Hastie, K.M., Turner, H.L., Fusco, M.L., Flyak, A.I., Zeitlin, L., Crowe Jr., J.E., Andersen, K.G., Saphire, E.O., Ward, A.B.	4.3	ELECTRON MICROSCOPY	NA	NA	False	True	IGHV6	IGKV12	Kappa	None	None	None	None	None
5kel	C	D	0	A	protein	NA	ebola surface glycoprotein, gp1	VIRAL PROTEIN/IMMUNE SYSTEM	06/09/16	EBOV GP in complex with variable Fab domains of IgGs c2G4 and c13C6	ZAIRE EBOLAVIRUS; HOMO SAPIENS; ZAIRE EBOLAVIRUS (STRAIN MAYINGA-76)	homo sapiens	homo sapiens	zaire ebolavirus (strain mayinga-76)	Pallesen, J., Murin, C.D., de Val, N., Cottrell, C.A., Hastie, K.M., Turner, H.L., Fusco, M.L., Flyak, A.I., Zeitlin, L., Crowe Jr., J.E., Andersen, K.G., Saphire, E.O., Ward, A.B.	4.3	ELECTRON MICROSCOPY	NA	NA	False	True	IGHV8	IGKV6	Kappa	None	None	None	None	None
5kel	P	T	0	G	protein	NA	ebola surface glycoprotein, gp2	VIRAL PROTEIN/IMMUNE SYSTEM	06/09/16	EBOV GP in complex with variable Fab domains of IgGs c2G4 and c13C6	ZAIRE EBOLAVIRUS; HOMO SAPIENS; ZAIRE EBOLAVIRUS (STRAIN MAYINGA-76)	homo sapiens	homo sapiens	zaire ebolavirus	Pallesen, J., Murin, C.D., de Val, N., Cottrell, C.A., Hastie, K.M., Turner, H.L., Fusco, M.L., Flyak, A.I., Zeitlin, L., Crowe Jr., J.E., Andersen, K.G., Saphire, E.O., Ward, A.B.	4.3	ELECTRON MICROSCOPY	NA	NA	False	True	IGHV6	IGKV12	Kappa	None	None	None	None	None
5kel	H	L	0	B	protein	NA	ebola surface glycoprotein, gp2	VIRAL PROTEIN/IMMUNE SYSTEM	06/09/16	EBOV GP in complex with variable Fab domains of IgGs c2G4 and c13C6	ZAIRE EBOLAVIRUS; HOMO SAPIENS; ZAIRE EBOLAVIRUS (STRAIN MAYINGA-76)	homo sapiens	homo sapiens	zaire ebolavirus	Pallesen, J., Murin, C.D., de Val, N., Cottrell, C.A., Hastie, K.M., Turner, H.L., Fusco, M.L., Flyak, A.I., Zeitlin, L., Crowe Jr., J.E., Andersen, K.G., Saphire, E.O., Ward, A.B.	4.3	ELECTRON MICROSCOPY	NA	NA	False	True	IGHV6	IGKV12	Kappa	None	None	None	None	None
5kel	M	O	0	F	protein	NA	ebola surface glycoprotein, gp1	VIRAL PROTEIN/IMMUNE SYSTEM	06/09/16	EBOV GP in complex with variable Fab domains of IgGs c2G4 and c13C6	ZAIRE EBOLAVIRUS; HOMO SAPIENS; ZAIRE EBOLAVIRUS (STRAIN MAYINGA-76)	homo sapiens	homo sapiens	zaire ebolavirus (strain mayinga-76)	Pallesen, J., Murin, C.D., de Val, N., Cottrell, C.A., Hastie, K.M., Turner, H.L., Fusco, M.L., Flyak, A.I., Zeitlin, L., Crowe Jr., J.E., Andersen, K.G., Saphire, E.O., Ward, A.B.	4.3	ELECTRON MICROSCOPY	NA	NA	False	True	IGHV8	IGKV6	Kappa	None	None	None	None	None
5kel	J	N	0	E	protein	NA	ebola surface glycoprotein, gp1	VIRAL PROTEIN/IMMUNE SYSTEM	06/09/16	EBOV GP in complex with variable Fab domains of IgGs c2G4 and c13C6	ZAIRE EBOLAVIRUS; HOMO SAPIENS; ZAIRE EBOLAVIRUS (STRAIN MAYINGA-76)	homo sapiens	homo sapiens	zaire ebolavirus (strain mayinga-76)	Pallesen, J., Murin, C.D., de Val, N., Cottrell, C.A., Hastie, K.M., Turner, H.L., Fusco, M.L., Flyak, A.I., Zeitlin, L., Crowe Jr., J.E., Andersen, K.G., Saphire, E.O., Ward, A.B.	4.3	ELECTRON MICROSCOPY	NA	NA	False	True	IGHV8	IGKV6	Kappa	None	None	None	None	None
7l3n	D	E	0	B | C	protein | protein	NA | NA	spike glycoprotein | spike glycoprotein	VIRAL PROTEIN/IMMUNE SYSTEM	12/18/20	SARS-CoV 2 Spike Protein bound to LY-CoV555	SEVERE ACUTE RESPIRATORY SYNDROME CORONAVIRUS 2; HOMO SAPIENS	homo sapiens	homo sapiens	severe acute respiratory syndrome coronavirus2  | severe acute respiratory syndrome coronavirus2 	Goldsmith, J.A., McLellan, J.S.	3.27	ELECTRON MICROSCOPY	NA	NA	False	True	IGHV1	IGKV1	Kappa	None	None	None	None	None
7cyp	E	D	0	A	protein	NA	sars-cov-2 spike glycoprotein	VIRAL PROTEIN	06/09/21	Complex of SARS-CoV-2 spike trimer with its neutralizing antibody HB27	SEVERE ACUTE RESPIRATORY SYNDROME CORONAVIRUS 2; HOMO SAPIENS	homo sapiens	homo sapiens	severe acute respiratory syndrome coronavirus2 	Wang, X., Zhu, L.	3.5	ELECTRON MICROSCOPY	NA	NA	False	True	IGHV5	IGKV3	Kappa	None	None	None	None	None
7cyp	I	H	0	C	protein	NA	sars-cov-2 spike glycoprotein	VIRAL PROTEIN	06/09/21	Complex of SARS-CoV-2 spike trimer with its neutralizing antibody HB27	SEVERE ACUTE RESPIRATORY SYNDROME CORONAVIRUS 2; HOMO SAPIENS	homo sapiens	homo sapiens	severe acute respiratory syndrome coronavirus2 	Wang, X., Zhu, L.	3.5	ELECTRON MICROSCOPY	NA	NA	False	True	IGHV5	IGKV3	Kappa	None	None	None	None	None
7cyp	G	F	0	B	protein	NA	sars-cov-2 spike glycoprotein	VIRAL PROTEIN	06/09/21	Complex of SARS-CoV-2 spike trimer with its neutralizing antibody HB27	SEVERE ACUTE RESPIRATORY SYNDROME CORONAVIRUS 2; HOMO SAPIENS	homo sapiens	homo sapiens	severe acute respiratory syndrome coronavirus2 	Wang, X., Zhu, L.	3.5	ELECTRON MICROSCOPY	NA	NA	False	True	IGHV5	IGKV3	Kappa	None	None	None	None	None
6wps	F	G	0	E	protein	NA	sars-cov-2 spike glycoprotein	VIRAL PROTEIN/IMMUNE SYSTEM	04/27/20	Structure of the SARS-CoV-2 spike glycoprotein in complex with the S309 neutralizing antibody Fab fragment	SEVERE ACUTE RESPIRATORY SYNDROME CORONAVIRUS 2; HOMO SAPIENS	homo sapiens	homo sapiens	severe acute respiratory syndrome coronavirus2 	Pinto, D., Park, Y.J., Beltramello, M., Walls, A.C., Tortorici, M.A., Bianchi, S., Jaconi, S., Culap, K., Zatta, F., De Marco, A., Peter, A., Guarino, B., Spreafico, R., Cameroni, E., Case, J.B., Chen, R.E., Havenar-Daughton, C., Snell, G., Virgin, H.W., Lanzavecchia, A., Diamond, M.S., Fink, K., Veesler, D., Corti, D., Seattle Structural Genomics Center for Infectious Disease (SSGCID)	3.1	ELECTRON MICROSCOPY	NA	NA	False	True	IGHV1	IGKV3	Kappa	None	None	None	None	None
6wps	H	L	0	A	protein	NA	sars-cov-2 spike glycoprotein	VIRAL PROTEIN/IMMUNE SYSTEM	04/27/20	Structure of the SARS-CoV-2 spike glycoprotein in complex with the S309 neutralizing antibody Fab fragment	SEVERE ACUTE RESPIRATORY SYNDROME CORONAVIRUS 2; HOMO SAPIENS	homo sapiens	homo sapiens	severe acute respiratory syndrome coronavirus2 	Pinto, D., Park, Y.J., Beltramello, M., Walls, A.C., Tortorici, M.A., Bianchi, S., Jaconi, S., Culap, K., Zatta, F., De Marco, A., Peter, A., Guarino, B., Spreafico, R., Cameroni, E., Case, J.B., Chen, R.E., Havenar-Daughton, C., Snell, G., Virgin, H.W., Lanzavecchia, A., Diamond, M.S., Fink, K., Veesler, D., Corti, D., Seattle Structural Genomics Center for Infectious Disease (SSGCID)	3.1	ELECTRON MICROSCOPY	NA	NA	False	True	IGHV1	IGKV3	Kappa	None	None	None	None	None
6wps	C	D	0	B	protein	NA	sars-cov-2 spike glycoprotein	VIRAL PROTEIN/IMMUNE SYSTEM	04/27/20	Structure of the SARS-CoV-2 spike glycoprotein in complex with the S309 neutralizing antibody Fab fragment	SEVERE ACUTE RESPIRATORY SYNDROME CORONAVIRUS 2; HOMO SAPIENS	homo sapiens	homo sapiens	severe acute respiratory syndrome coronavirus2 	Pinto, D., Park, Y.J., Beltramello, M., Walls, A.C., Tortorici, M.A., Bianchi, S., Jaconi, S., Culap, K., Zatta, F., De Marco, A., Peter, A., Guarino, B., Spreafico, R., Cameroni, E., Case, J.B., Chen, R.E., Havenar-Daughton, C., Snell, G., Virgin, H.W., Lanzavecchia, A., Diamond, M.S., Fink, K., Veesler, D., Corti, D., Seattle Structural Genomics Center for Infectious Disease (SSGCID)	3.1	ELECTRON MICROSCOPY	NA	NA	False	True	IGHV1	IGKV3	Kappa	None	None	None	None	None
6wpt	H	L	0	C	protein	NA	sars-cov-2 spike glycoprotein	VIRAL PROTEIN/IMMUNE SYSTEM	04/27/20	Structure of the SARS-CoV-2 spike glycoprotein in complex with the S309 neutralizing antibody Fab fragment (open state)	SEVERE ACUTE RESPIRATORY SYNDROME CORONAVIRUS 2; HOMO SAPIENS	homo sapiens	homo sapiens	severe acute respiratory syndrome coronavirus2 	Pinto, D., Park, Y.J., Beltramello, M., Walls, A.C., Tortorici, M.A., Bianchi, S., Jaconi, S., Culap, K., Zatta, F., De Marco, A., Peter, A., Guarino, B., Spreafico, R., Cameroni, E., Case, J.B., Chen, R.E., Havenar-Daughton, C., Snell, G., Virgin, H.W., Lanzavecchia, A., Diamond, M.S., Fink, K., Veesler, D., Corti, D., Seattle Structural Genomics Center for Infectious Disease (SSGCID)	3.7	ELECTRON MICROSCOPY	NA	NA	False	True	IGHV1	IGKV3	Kappa	None	None	None	None	None
6wpt	D	E	0	A	protein	NA	sars-cov-2 spike glycoprotein	VIRAL PROTEIN/IMMUNE SYSTEM	04/27/20	Structure of the SARS-CoV-2 spike glycoprotein in complex with the S309 neutralizing antibody Fab fragment (open state)	SEVERE ACUTE RESPIRATORY SYNDROME CORONAVIRUS 2; HOMO SAPIENS	homo sapiens	homo sapiens	severe acute respiratory syndrome coronavirus2 	Pinto, D., Park, Y.J., Beltramello, M., Walls, A.C., Tortorici, M.A., Bianchi, S., Jaconi, S., Culap, K., Zatta, F., De Marco, A., Peter, A., Guarino, B., Spreafico, R., Cameroni, E., Case, J.B., Chen, R.E., Havenar-Daughton, C., Snell, G., Virgin, H.W., Lanzavecchia, A., Diamond, M.S., Fink, K., Veesler, D., Corti, D., Seattle Structural Genomics Center for Infectious Disease (SSGCID)	3.7	ELECTRON MICROSCOPY	NA	NA	False	True	IGHV1	IGKV3	Kappa	None	None	None	None	None
6y97	H	L	0	A | B	protein | protein	NA | NA	b-lymphocyte antigen cd20 | b-lymphocyte antigen cd20	MEMBRANE PROTEIN	03/06/20	Structure of full-length CD20 in complex with Obinutuzumab Fab	HOMO SAPIENS	homo sapiens	homo sapiens	homo sapiens | homo sapiens	Kumar, A., Reyes, N.	4.33	ELECTRON MICROSCOPY	NA	NA	False	True	IGHV1	IGKV2	Kappa	None	None	None	None	None
6y92	C	D	0	B	protein	NA	b-lymphocyte antigen cd20	MEMBRANE PROTEIN	03/06/20	Structure of full-length CD20 in complex with Ofatumumab Fab	HOMO SAPIENS	homo sapiens	homo sapiens	homo sapiens	Kumar, A., Reyes, N.	4.73	ELECTRON MICROSCOPY	NA	NA	False	True	IGHV3	IGKV3	Kappa	None	None	None	None	None
6y92	H	L	0	A	protein	NA	b-lymphocyte antigen cd20	MEMBRANE PROTEIN	03/06/20	Structure of full-length CD20 in complex with Ofatumumab Fab	HOMO SAPIENS	homo sapiens	homo sapiens	homo sapiens	Kumar, A., Reyes, N.	4.73	ELECTRON MICROSCOPY	NA	NA	False	True	IGHV3	IGKV3	Kappa	None	None	None	None	None
7k8z	M	N	0	C	protein	NA	spike glycoprotein	VIRAL PROTEIN/IMMUNE SYSTEM	09/27/20	Structure of the SARS-CoV-2 S 2P trimer in complex with the human neutralizing antibody Fab fragment, C135	SEVERE ACUTE RESPIRATORY SYNDROME CORONAVIRUS 2; HOMO SAPIENS	homo sapiens	homo sapiens	severe acute respiratory syndrome coronavirus2 	Barnes, C.O., Bjorkman, P.J.	3.5	ELECTRON MICROSCOPY	NA	NA	False	True	IGHV3	IGKV1	Kappa	None	None	None	None	None
7k8z	H	L	0	A	protein	NA	spike glycoprotein	VIRAL PROTEIN/IMMUNE SYSTEM	09/27/20	Structure of the SARS-CoV-2 S 2P trimer in complex with the human neutralizing antibody Fab fragment, C135	SEVERE ACUTE RESPIRATORY SYNDROME CORONAVIRUS 2; HOMO SAPIENS	homo sapiens	homo sapiens	severe acute respiratory syndrome coronavirus2 	Barnes, C.O., Bjorkman, P.J.	3.5	ELECTRON MICROSCOPY	NA	NA	False	True	IGHV3	IGKV1	Kappa	None	None	None	None	None
6y9a	H	L	0	A | B	protein | protein	NA | NA	b-lymphocyte antigen cd20 | b-lymphocyte antigen cd20	MEMBRANE PROTEIN	03/06/20	Structure of full-length CD20 in complex with Obinutuzumab Fab	HOMO SAPIENS	homo sapiens	homo sapiens	homo sapiens | homo sapiens	Kumar, A., Reyes, N.	4.2	ELECTRON MICROSCOPY	NA	NA	False	True	IGHV1	IGKV2	Kappa	None	None	None	None	None
6okp	Q	R	0	F	protein	NA	envelope glycoprotein gp120	VIRAL PROTEIN/IMMUNE SYSTEM	04/14/19	B41 SOSIP.664 in complex with the silent-face antibody SF12 and V3-targeting antibody 10-1074	HUMAN IMMUNODEFICIENCY VIRUS 1; HOMO SAPIENS	homo sapiens	homo sapiens	human immunodeficiency virus 1	Barnes, C.O., Bjorkman, P.J.	3.28	ELECTRON MICROSCOPY	NA	NA	False	True	IGHV4	IGKV3	Kappa	None	None	None	None	None
6okp	K	L	0	E	protein	NA	envelope glycoprotein gp120	VIRAL PROTEIN/IMMUNE SYSTEM	04/14/19	B41 SOSIP.664 in complex with the silent-face antibody SF12 and V3-targeting antibody 10-1074	HUMAN IMMUNODEFICIENCY VIRUS 1; HOMO SAPIENS	homo sapiens	homo sapiens	human immunodeficiency virus 1	Barnes, C.O., Bjorkman, P.J.	3.28	ELECTRON MICROSCOPY	NA	NA	False	True	IGHV4	unknown	unknown	None	None	None	None	None
6okp	O	P	0	E	protein	NA	envelope glycoprotein gp120	VIRAL PROTEIN/IMMUNE SYSTEM	04/14/19	B41 SOSIP.664 in complex with the silent-face antibody SF12 and V3-targeting antibody 10-1074	HUMAN IMMUNODEFICIENCY VIRUS 1; HOMO SAPIENS	homo sapiens	homo sapiens	human immunodeficiency virus 1	Barnes, C.O., Bjorkman, P.J.	3.28	ELECTRON MICROSCOPY	NA	NA	False	True	IGHV4	IGKV3	Kappa	None	None	None	None	None
6okp	M	N	0	D	protein	NA	envelope glycoprotein gp120	VIRAL PROTEIN/IMMUNE SYSTEM	04/14/19	B41 SOSIP.664 in complex with the silent-face antibody SF12 and V3-targeting antibody 10-1074	HUMAN IMMUNODEFICIENCY VIRUS 1; HOMO SAPIENS	homo sapiens	homo sapiens	human immunodeficiency virus 1	Barnes, C.O., Bjorkman, P.J.	3.28	ELECTRON MICROSCOPY	NA	NA	False	True	IGHV4	IGKV3	Kappa	None	None	None	None	None
7mm0	H	L	0	A	protein	NA	spike glycoprotein	IMMUNE SYSTEM/VIRAL PROTEIN	07/28/21	Cryo-EM structure of SARS-CoV-2 spike in complex with neutralizing antibody B1-182.1 that targets the receptor-binding domain	HOMO SAPIENS; SEVERE ACUTE RESPIRATORY SYNDROME CORONAVIRUS 2	homo sapiens	homo sapiens	severe acute respiratory syndrome coronavirus2 	Zhou, T., Tsybovsky, T., Kwong, P.D.	3.15	ELECTRON MICROSCOPY	NA	NA	False	True	IGHV1	IGKV3	Kappa	None	None	None	None	None
6udk	D	E	0	G	protein	NA	rc1 variant of hiv-1 env glycoprotein gp120	VIRAL PROTEIN/IMMUNE SYSTEM	09/19/19	HIV-1 bNAb 1-55 in complex with modified BG505 SOSIP-based immunogen RC1 and 10-1074	HUMAN IMMUNODEFICIENCY VIRUS 1; HOMO SAPIENS	homo sapiens	homo sapiens	human immunodeficiency virus 1	Abernathy, M.E., Barnes, C.O., Gristick, H.B., Bjorkman, P.J.	3.9	ELECTRON MICROSCOPY	NA	NA	False	True	unknown	IGKV3	Kappa	None	None	None	None	None
6udk	H	L	0	K	protein	NA	rc1 variant of hiv-1 env glycoprotein gp120	VIRAL PROTEIN/IMMUNE SYSTEM	09/19/19	HIV-1 bNAb 1-55 in complex with modified BG505 SOSIP-based immunogen RC1 and 10-1074	HUMAN IMMUNODEFICIENCY VIRUS 1; HOMO SAPIENS	homo sapiens	homo sapiens	human immunodeficiency virus 1	Abernathy, M.E., Barnes, C.O., Gristick, H.B., Bjorkman, P.J.	3.9	ELECTRON MICROSCOPY	NA	NA	False	True	unknown	IGKV3	Kappa	None	None	None	None	None
6udk	F	I	0	K	protein	NA	rc1 variant of hiv-1 env glycoprotein gp120	VIRAL PROTEIN/IMMUNE SYSTEM	09/19/19	HIV-1 bNAb 1-55 in complex with modified BG505 SOSIP-based immunogen RC1 and 10-1074	HUMAN IMMUNODEFICIENCY VIRUS 1; HOMO SAPIENS	homo sapiens	homo sapiens	human immunodeficiency virus 1	Abernathy, M.E., Barnes, C.O., Gristick, H.B., Bjorkman, P.J.	3.9	ELECTRON MICROSCOPY	NA	NA	False	True	IGHV4	unknown	unknown	None	None	None	None	None
6udk	A	B	0	G	protein	NA	rc1 variant of hiv-1 env glycoprotein gp120	VIRAL PROTEIN/IMMUNE SYSTEM	09/19/19	HIV-1 bNAb 1-55 in complex with modified BG505 SOSIP-based immunogen RC1 and 10-1074	HUMAN IMMUNODEFICIENCY VIRUS 1; HOMO SAPIENS	homo sapiens	homo sapiens	human immunodeficiency virus 1	Abernathy, M.E., Barnes, C.O., Gristick, H.B., Bjorkman, P.J.	3.9	ELECTRON MICROSCOPY	NA	NA	False	True	IGHV4	unknown	unknown	None	None	None	None	None
6udk	O	P	0	R	protein	NA	rc1 variant of hiv-1 env glycoprotein gp120	VIRAL PROTEIN/IMMUNE SYSTEM	09/19/19	HIV-1 bNAb 1-55 in complex with modified BG505 SOSIP-based immunogen RC1 and 10-1074	HUMAN IMMUNODEFICIENCY VIRUS 1; HOMO SAPIENS	homo sapiens	homo sapiens	human immunodeficiency virus 1	Abernathy, M.E., Barnes, C.O., Gristick, H.B., Bjorkman, P.J.	3.9	ELECTRON MICROSCOPY	NA	NA	False	True	IGHV4	unknown	unknown	None	None	None	None	None
6udk	M	N	0	R	protein	NA	rc1 variant of hiv-1 env glycoprotein gp120	VIRAL PROTEIN/IMMUNE SYSTEM	09/19/19	HIV-1 bNAb 1-55 in complex with modified BG505 SOSIP-based immunogen RC1 and 10-1074	HUMAN IMMUNODEFICIENCY VIRUS 1; HOMO SAPIENS	homo sapiens	homo sapiens	human immunodeficiency virus 1	Abernathy, M.E., Barnes, C.O., Gristick, H.B., Bjorkman, P.J.	3.9	ELECTRON MICROSCOPY	NA	NA	False	True	unknown	IGKV3	Kappa	None	None	None	None	None
5v8m	S	U	0	G	protein	NA	gp120	VIRAL PROTEIN/IMMUNE SYSTEM	03/22/17	A broadly neutralizing antibody targets the dynamic HIV Envelope trimer apex via a long, rigidified, and anionic beta-hairpin structure	HOMO SAPIENS; HUMAN IMMUNODEFICIENCY VIRUS 1	homo sapiens	homo sapiens	human immunodeficiency virus 1	Lee, J.H., Cottrell, C.A., Ward, A.B.	4.4	ELECTRON MICROSCOPY	NA	NA	False	True	unknown	IGKV1	Kappa	None	None	None	None	None
5v8m	R	T	0	F	protein	NA	gp120	VIRAL PROTEIN/IMMUNE SYSTEM	03/22/17	A broadly neutralizing antibody targets the dynamic HIV Envelope trimer apex via a long, rigidified, and anionic beta-hairpin structure	HOMO SAPIENS; HUMAN IMMUNODEFICIENCY VIRUS 1	homo sapiens	homo sapiens	human immunodeficiency virus 1	Lee, J.H., Cottrell, C.A., Ward, A.B.	4.4	ELECTRON MICROSCOPY	NA	NA	False	True	unknown	IGKV1	Kappa	None	None	None	None	None
5v8m	H	L	0	A	protein	NA	gp120	VIRAL PROTEIN/IMMUNE SYSTEM	03/22/17	A broadly neutralizing antibody targets the dynamic HIV Envelope trimer apex via a long, rigidified, and anionic beta-hairpin structure	HOMO SAPIENS; HUMAN IMMUNODEFICIENCY VIRUS 1	homo sapiens	homo sapiens	human immunodeficiency virus 1	Lee, J.H., Cottrell, C.A., Ward, A.B.	4.4	ELECTRON MICROSCOPY	NA	NA	False	True	unknown	IGKV1	Kappa	None	None	None	None	None
5v8l	J	N	0	A	protein	NA	gp120	VIRAL PROTEIN/IMMUNE SYSTEM	03/22/17	BG505 SOSIP.664 trimer in complex with broadly neutralizing HIV antibodies 3BNC117 and PGT145	HUMAN IMMUNODEFICIENCY VIRUS 1; HOMO SAPIENS	homo sapiens	homo sapiens	human immunodeficiency virus 1	Lee, J.H., Ward, A.B.	4.3	ELECTRON MICROSCOPY	NA	NA	False	True	IGHV1	IGKV2	Kappa	None	None	None	None	None
5v8l	I	M	0	D	protein	NA	gp120	VIRAL PROTEIN/IMMUNE SYSTEM	03/22/17	BG505 SOSIP.664 trimer in complex with broadly neutralizing HIV antibodies 3BNC117 and PGT145	HUMAN IMMUNODEFICIENCY VIRUS 1; HOMO SAPIENS	homo sapiens	homo sapiens	human immunodeficiency virus 1	Lee, J.H., Ward, A.B.	4.3	ELECTRON MICROSCOPY	NA	NA	False	True	unknown	IGKV1	Kappa	None	None	None	None	None
5v8l	G	K	0	C	protein	NA	gp120	VIRAL PROTEIN/IMMUNE SYSTEM	03/22/17	BG505 SOSIP.664 trimer in complex with broadly neutralizing HIV antibodies 3BNC117 and PGT145	HUMAN IMMUNODEFICIENCY VIRUS 1; HOMO SAPIENS	homo sapiens	homo sapiens	human immunodeficiency virus 1	Lee, J.H., Ward, A.B.	4.3	ELECTRON MICROSCOPY	NA	NA	False	True	unknown	IGKV1	Kappa	None	None	None	None	None
5v8l	H	L	0	A	protein	NA	gp120	VIRAL PROTEIN/IMMUNE SYSTEM	03/22/17	BG505 SOSIP.664 trimer in complex with broadly neutralizing HIV antibodies 3BNC117 and PGT145	HUMAN IMMUNODEFICIENCY VIRUS 1; HOMO SAPIENS	homo sapiens	homo sapiens	human immunodeficiency virus 1	Lee, J.H., Ward, A.B.	4.3	ELECTRON MICROSCOPY	NA	NA	False	True	unknown	IGKV1	Kappa	None	None	None	None	None
7soc	H	L	0	A	protein	NA	spike glycoprotein	VIRAL PROTEIN/IMMUNE SYSTEM	11/17/21	SARS-CoV-2 S RBD B.1.617.1 kappa variant S309 Local Refinement	SEVERE ACUTE RESPIRATORY SYNDROME CORONAVIRUS 2; HOMO SAPIENS	homo sapiens	homo sapiens	severe acute respiratory syndrome coronavirus2 	McCallum, M., Veesler, D., Seattle Structural Genomics Center for Infectious Disease (SSGCID)	3.3	ELECTRON MICROSCOPY	NA	NA	False	True	IGHV1	IGKV3	Kappa	None	None	None	None	None
5ken	Q	P	0	K	protein	NA	ebola surface glycoprotein, gp1	VIRAL PROTEIN/IMMUNE SYSTEM	06/09/16	EBOV GP in complex with variable Fab domains of IgGs c4G7 and c13C6	HOMO SAPIENS; ZAIRE EBOLAVIRUS (STRAIN MAYINGA-76); ZAIRE EBOLAVIRUS	homo sapiens	homo sapiens	zaire ebolavirus	Pallesen, J., Murin, C.D., de Val, N., Cottrell, C.A., Hastie, K.M., Turner, H.L., Fusco, M.L., Flyak, A.I., Zeitlin, L., Crowe Jr., J.E., Andersen, K.G., Saphire, E.O., Ward, A.B.	4.3	ELECTRON MICROSCOPY	NA	NA	False	True	IGHV8	IGKV6	Kappa	None	None	None	None	None
5ken	C	D	0	B	protein	NA	ebola surface glycoprotein, gp2	VIRAL PROTEIN/IMMUNE SYSTEM	06/09/16	EBOV GP in complex with variable Fab domains of IgGs c4G7 and c13C6	HOMO SAPIENS; ZAIRE EBOLAVIRUS (STRAIN MAYINGA-76); ZAIRE EBOLAVIRUS	homo sapiens	homo sapiens	zaire ebolavirus (strain mayinga-76)	Pallesen, J., Murin, C.D., de Val, N., Cottrell, C.A., Hastie, K.M., Turner, H.L., Fusco, M.L., Flyak, A.I., Zeitlin, L., Crowe Jr., J.E., Andersen, K.G., Saphire, E.O., Ward, A.B.	4.3	ELECTRON MICROSCOPY	NA	NA	False	True	IGHV1	IGKV12	Kappa	None	None	None	None	None
5ken	N	O	0	M	protein	NA	ebola surface glycoprotein, gp2	VIRAL PROTEIN/IMMUNE SYSTEM	06/09/16	EBOV GP in complex with variable Fab domains of IgGs c4G7 and c13C6	HOMO SAPIENS; ZAIRE EBOLAVIRUS (STRAIN MAYINGA-76); ZAIRE EBOLAVIRUS	homo sapiens	homo sapiens	zaire ebolavirus (strain mayinga-76)	Pallesen, J., Murin, C.D., de Val, N., Cottrell, C.A., Hastie, K.M., Turner, H.L., Fusco, M.L., Flyak, A.I., Zeitlin, L., Crowe Jr., J.E., Andersen, K.G., Saphire, E.O., Ward, A.B.	4.3	ELECTRON MICROSCOPY	NA	NA	False	True	IGHV1	IGKV12	Kappa	None	None	None	None	None
5ken	J	I	0	E	protein	NA	ebola surface glycoprotein, gp1	VIRAL PROTEIN/IMMUNE SYSTEM	06/09/16	EBOV GP in complex with variable Fab domains of IgGs c4G7 and c13C6	HOMO SAPIENS; ZAIRE EBOLAVIRUS (STRAIN MAYINGA-76); ZAIRE EBOLAVIRUS	homo sapiens	homo sapiens	zaire ebolavirus	Pallesen, J., Murin, C.D., de Val, N., Cottrell, C.A., Hastie, K.M., Turner, H.L., Fusco, M.L., Flyak, A.I., Zeitlin, L., Crowe Jr., J.E., Andersen, K.G., Saphire, E.O., Ward, A.B.	4.3	ELECTRON MICROSCOPY	NA	NA	False	True	IGHV8	IGKV6	Kappa	None	None	None	None	None
5ken	G	H	0	F	protein	NA	ebola surface glycoprotein, gp2	VIRAL PROTEIN/IMMUNE SYSTEM	06/09/16	EBOV GP in complex with variable Fab domains of IgGs c4G7 and c13C6	HOMO SAPIENS; ZAIRE EBOLAVIRUS (STRAIN MAYINGA-76); ZAIRE EBOLAVIRUS	homo sapiens	homo sapiens	zaire ebolavirus (strain mayinga-76)	Pallesen, J., Murin, C.D., de Val, N., Cottrell, C.A., Hastie, K.M., Turner, H.L., Fusco, M.L., Flyak, A.I., Zeitlin, L., Crowe Jr., J.E., Andersen, K.G., Saphire, E.O., Ward, A.B.	4.3	ELECTRON MICROSCOPY	NA	NA	False	True	IGHV1	IGKV12	Kappa	None	None	None	None	None
5kem	I	J	0	F	protein	NA	ebola secreted glycoprotein	VIRAL PROTEIN/IMMUNE SYSTEM	06/09/16	EBOV sGP in complex with variable Fab domains of IgGs c13C6 and BDBV91	HOMO SAPIENS; ZAIRE EBOLAVIRUS	homo sapiens	homo sapiens	zaire ebolavirus	Pallesen, J., Murin, C.D., de Val, N., Cottrell, C.A., Hastie, K.M., Turner, H.L., Fusco, M.L., Flyak, A.I., Zeitlin, L., Crowe Jr., J.E., Andersen, K.G., Saphire, E.O., Ward, A.B.	5.5	ELECTRON MICROSCOPY	NA	NA	False	True	IGHV8	IGKV6	Kappa	None	None	None	None	None
5kem	B	C	0	A	protein	NA	ebola secreted glycoprotein	VIRAL PROTEIN/IMMUNE SYSTEM	06/09/16	EBOV sGP in complex with variable Fab domains of IgGs c13C6 and BDBV91	HOMO SAPIENS; ZAIRE EBOLAVIRUS	homo sapiens	homo sapiens	zaire ebolavirus	Pallesen, J., Murin, C.D., de Val, N., Cottrell, C.A., Hastie, K.M., Turner, H.L., Fusco, M.L., Flyak, A.I., Zeitlin, L., Crowe Jr., J.E., Andersen, K.G., Saphire, E.O., Ward, A.B.	5.5	ELECTRON MICROSCOPY	NA	NA	False	True	IGHV1	IGKV1	Kappa	None	None	None	None	None
5kem	D	E	0	A	protein	NA	ebola secreted glycoprotein	VIRAL PROTEIN/IMMUNE SYSTEM	06/09/16	EBOV sGP in complex with variable Fab domains of IgGs c13C6 and BDBV91	HOMO SAPIENS; ZAIRE EBOLAVIRUS	homo sapiens	homo sapiens	zaire ebolavirus	Pallesen, J., Murin, C.D., de Val, N., Cottrell, C.A., Hastie, K.M., Turner, H.L., Fusco, M.L., Flyak, A.I., Zeitlin, L., Crowe Jr., J.E., Andersen, K.G., Saphire, E.O., Ward, A.B.	5.5	ELECTRON MICROSCOPY	NA	NA	False	True	IGHV8	IGKV6	Kappa	None	None	None	None	None
5kem	G	H	0	F	protein	NA	ebola secreted glycoprotein	VIRAL PROTEIN/IMMUNE SYSTEM	06/09/16	EBOV sGP in complex with variable Fab domains of IgGs c13C6 and BDBV91	HOMO SAPIENS; ZAIRE EBOLAVIRUS	homo sapiens	homo sapiens	zaire ebolavirus	Pallesen, J., Murin, C.D., de Val, N., Cottrell, C.A., Hastie, K.M., Turner, H.L., Fusco, M.L., Flyak, A.I., Zeitlin, L., Crowe Jr., J.E., Andersen, K.G., Saphire, E.O., Ward, A.B.	5.5	ELECTRON MICROSCOPY	NA	NA	False	True	IGHV1	IGKV1	Kappa	None	None	None	None	None
7k90	M	N	0	A	protein	NA	spike glycoprotein	VIRAL PROTEIN/IMMUNE SYSTEM	09/27/20	Structure of the SARS-CoV-2 S 6P trimer in complex with the human neutralizing antibody Fab fragment, C144	SEVERE ACUTE RESPIRATORY SYNDROME CORONAVIRUS 2; HOMO SAPIENS	homo sapiens	homo sapiens	severe acute respiratory syndrome coronavirus2 	Barnes, C.O., Esswein, S.R., Bjorkman, P.J.	3.24	ELECTRON MICROSCOPY	NA	NA	False	True	IGHV3	IGLV2	Lambda	None	None	None	None	None
7k90	O	P	0	C	protein	NA	spike glycoprotein	VIRAL PROTEIN/IMMUNE SYSTEM	09/27/20	Structure of the SARS-CoV-2 S 6P trimer in complex with the human neutralizing antibody Fab fragment, C144	SEVERE ACUTE RESPIRATORY SYNDROME CORONAVIRUS 2; HOMO SAPIENS	homo sapiens	homo sapiens	severe acute respiratory syndrome coronavirus2 	Barnes, C.O., Esswein, S.R., Bjorkman, P.J.	3.24	ELECTRON MICROSCOPY	NA	NA	False	True	IGHV3	IGLV2	Lambda	None	None	None	None	None
7k90	H	L	0	B	protein	NA	spike glycoprotein	VIRAL PROTEIN/IMMUNE SYSTEM	09/27/20	Structure of the SARS-CoV-2 S 6P trimer in complex with the human neutralizing antibody Fab fragment, C144	SEVERE ACUTE RESPIRATORY SYNDROME CORONAVIRUS 2; HOMO SAPIENS	homo sapiens	homo sapiens	severe acute respiratory syndrome coronavirus2 	Barnes, C.O., Esswein, S.R., Bjorkman, P.J.	3.24	ELECTRON MICROSCOPY	NA	NA	False	True	IGHV3	IGLV2	Lambda	None	None	None	None	None
7sob	G	I	0	A	protein	NA	spike glycoprotein	VIRAL PROTEIN/IMMUNE SYSTEM	11/17/21	SARS-CoV-2 S B.1.617.1 kappa variant + S309 + S2L20 Global Refinement	SEVERE ACUTE RESPIRATORY SYNDROME CORONAVIRUS 2; HOMO SAPIENS	homo sapiens	homo sapiens	severe acute respiratory syndrome coronavirus2 	McCallum, M., Veesler, D., Seattle Structural Genomics Center for Infectious Disease (SSGCID)	2.4	ELECTRON MICROSCOPY	NA	NA	False	True	IGHV1	IGKV3	Kappa	None	None	None	None	None
7sob	H	J	0	D	protein	NA	spike glycoprotein	VIRAL PROTEIN/IMMUNE SYSTEM	11/17/21	SARS-CoV-2 S B.1.617.1 kappa variant + S309 + S2L20 Global Refinement	SEVERE ACUTE RESPIRATORY SYNDROME CORONAVIRUS 2; HOMO SAPIENS	homo sapiens	homo sapiens	severe acute respiratory syndrome coronavirus2 	McCallum, M., Veesler, D., Seattle Structural Genomics Center for Infectious Disease (SSGCID)	2.4	ELECTRON MICROSCOPY	NA	NA	False	True	IGHV1	IGKV3	Kappa	None	None	None	None	None
7sob	C	B	0	A	protein	NA	spike glycoprotein	VIRAL PROTEIN/IMMUNE SYSTEM	11/17/21	SARS-CoV-2 S B.1.617.1 kappa variant + S309 + S2L20 Global Refinement	SEVERE ACUTE RESPIRATORY SYNDROME CORONAVIRUS 2; HOMO SAPIENS	homo sapiens	homo sapiens	severe acute respiratory syndrome coronavirus2 	McCallum, M., Veesler, D., Seattle Structural Genomics Center for Infectious Disease (SSGCID)	2.4	ELECTRON MICROSCOPY	NA	NA	False	True	IGHV3	IGKV1	Kappa	None	None	None	None	None
7sob	F	E	0	D	protein	NA	spike glycoprotein	VIRAL PROTEIN/IMMUNE SYSTEM	11/17/21	SARS-CoV-2 S B.1.617.1 kappa variant + S309 + S2L20 Global Refinement	SEVERE ACUTE RESPIRATORY SYNDROME CORONAVIRUS 2; HOMO SAPIENS	homo sapiens	homo sapiens	severe acute respiratory syndrome coronavirus2 	McCallum, M., Veesler, D., Seattle Structural Genomics Center for Infectious Disease (SSGCID)	2.4	ELECTRON MICROSCOPY	NA	NA	False	True	IGHV3	IGKV1	Kappa	None	None	None	None	None
7sob	M	L	0	K	protein	NA	spike glycoprotein	VIRAL PROTEIN/IMMUNE SYSTEM	11/17/21	SARS-CoV-2 S B.1.617.1 kappa variant + S309 + S2L20 Global Refinement	SEVERE ACUTE RESPIRATORY SYNDROME CORONAVIRUS 2; HOMO SAPIENS	homo sapiens	homo sapiens	severe acute respiratory syndrome coronavirus2 	McCallum, M., Veesler, D., Seattle Structural Genomics Center for Infectious Disease (SSGCID)	2.4	ELECTRON MICROSCOPY	NA	NA	False	True	IGHV3	IGKV1	Kappa	None	None	None	None	None
7sob	N	O	0	K	protein	NA	spike glycoprotein	VIRAL PROTEIN/IMMUNE SYSTEM	11/17/21	SARS-CoV-2 S B.1.617.1 kappa variant + S309 + S2L20 Global Refinement	SEVERE ACUTE RESPIRATORY SYNDROME CORONAVIRUS 2; HOMO SAPIENS	homo sapiens	homo sapiens	severe acute respiratory syndrome coronavirus2 	McCallum, M., Veesler, D., Seattle Structural Genomics Center for Infectious Disease (SSGCID)	2.4	ELECTRON MICROSCOPY	NA	NA	False	True	IGHV1	IGKV3	Kappa	None	None	None	None	None
7cwt	I	J	0	C	protein	NA	spike glycoprotein	VIRAL PROTEIN	06/23/21	SARS-CoV-2 Spike protein in complex with hb27 and fc05 Fab cocktail	SEVERE ACUTE RESPIRATORY SYNDROME CORONAVIRUS 2; HOMO SAPIENS	homo sapiens	homo sapiens	severe acute respiratory syndrome coronavirus2 	Cui, Z., Wang, X.	3.7	ELECTRON MICROSCOPY	NA	NA	False	True	IGHV5	IGKV3	Kappa	None	None	None	None	None
7cwt	L	H	0	A	protein	NA	spike glycoprotein	VIRAL PROTEIN	06/23/21	SARS-CoV-2 Spike protein in complex with hb27 and fc05 Fab cocktail	SEVERE ACUTE RESPIRATORY SYNDROME CORONAVIRUS 2; HOMO SAPIENS	homo sapiens	homo sapiens	severe acute respiratory syndrome coronavirus2 	Cui, Z., Wang, X.	3.7	ELECTRON MICROSCOPY	NA	NA	False	True	IGHV1	IGLV1	Lambda	None	None	None	None	None
7cwt	N	K	0	B	protein	NA	spike glycoprotein	VIRAL PROTEIN	06/23/21	SARS-CoV-2 Spike protein in complex with hb27 and fc05 Fab cocktail	SEVERE ACUTE RESPIRATORY SYNDROME CORONAVIRUS 2; HOMO SAPIENS	homo sapiens	homo sapiens	severe acute respiratory syndrome coronavirus2 	Cui, Z., Wang, X.	3.7	ELECTRON MICROSCOPY	NA	NA	False	True	IGHV1	IGLV1	Lambda	None	None	None	None	None
7cwt	P	M	0	C	protein	NA	spike glycoprotein	VIRAL PROTEIN	06/23/21	SARS-CoV-2 Spike protein in complex with hb27 and fc05 Fab cocktail	SEVERE ACUTE RESPIRATORY SYNDROME CORONAVIRUS 2; HOMO SAPIENS	homo sapiens	homo sapiens	severe acute respiratory syndrome coronavirus2 	Cui, Z., Wang, X.	3.7	ELECTRON MICROSCOPY	NA	NA	False	True	IGHV1	IGLV1	Lambda	None	None	None	None	None
7cwt	G	F	0	B	protein	NA	spike glycoprotein	VIRAL PROTEIN	06/23/21	SARS-CoV-2 Spike protein in complex with hb27 and fc05 Fab cocktail	SEVERE ACUTE RESPIRATORY SYNDROME CORONAVIRUS 2; HOMO SAPIENS	homo sapiens	homo sapiens	severe acute respiratory syndrome coronavirus2 	Cui, Z., Wang, X.	3.7	ELECTRON MICROSCOPY	NA	NA	False	True	IGHV5	IGKV3	Kappa	None	None	None	None	None
7cwt	E	D	0	A	protein	NA	spike glycoprotein	VIRAL PROTEIN	06/23/21	SARS-CoV-2 Spike protein in complex with hb27 and fc05 Fab cocktail	SEVERE ACUTE RESPIRATORY SYNDROME CORONAVIRUS 2; HOMO SAPIENS	homo sapiens	homo sapiens	severe acute respiratory syndrome coronavirus2 	Cui, Z., Wang, X.	3.7	ELECTRON MICROSCOPY	NA	NA	False	True	IGHV5	IGKV3	Kappa	None	None	None	None	None
6oge	E	D	0	A	protein	NA	receptor tyrosine-protein kinase erbb-2	transferase/immune system	04/02/19	Cryo-EM structure of Her2 extracellular domain-Trastuzumab Fab-Pertuzumab Fab complex	HOMO SAPIENS	homo sapiens	homo sapiens	homo sapiens	Hao, Y., Yu, X., Bai, Y., Huang, X.	4.36	ELECTRON MICROSCOPY	NA	NA	False	True	IGHV3	IGKV1	Kappa	None	None	None	None	None
6oge	C	B	0	A	protein	NA	receptor tyrosine-protein kinase erbb-2	transferase/immune system	04/02/19	Cryo-EM structure of Her2 extracellular domain-Trastuzumab Fab-Pertuzumab Fab complex	HOMO SAPIENS	homo sapiens	homo sapiens	homo sapiens	Hao, Y., Yu, X., Bai, Y., Huang, X.	4.36	ELECTRON MICROSCOPY	NA	NA	False	True	IGHV3	IGKV1	Kappa	None	None	None	None	None
